Result_ID,Fighter_Name,Fight_ID,Decision,Match_Result,Seed,DefendingIndicator
5367,Richter Belmont,2392,w,2,,
5368,Dr Mario,2392,l,0,,
5369,Bayonetta,2393,l,0,,
5370,Ryu,2393,w,1,,
5371,Young Link,2394,l,0,,
5372,Toon Link,2394,w,1,,
5373,Ridley,2395,w,3,,
5374,Wii Fit Trainer,2395,l,0,,
5375,Sonic,2396,l,0,,
5376,ROB,2396,w,1,,
5377,Lucina,2397,w,3,,
5378,Palutena,2397,l,0,,
5379,King K Rool,2398,w,2,,
5380,DK,2398,l,0,,
5381,Inkling,2399,w,1,,
5382,Pac-Man,2399,l,0,,
5383,Dark Pit,2400,l,0,,
5384,Ganondorf,2400,w,3,,
5385,Cloud,2401,w,1,,
5386,Link,2401,l,0,,
5387,Incineroar,2402,l,0,,
5388,Pikachu,2402,w,1,,
5389,Pichu,2403,l,0,,
5390,Captain Falcon,2403,w,2,,
5391,Mega Man,2404,w,2,,
5392,Mewtwo,2404,l,0,,
5393,Chrom,2405,l,0,,
5394,Bowser,2405,w,2,,
5395,Falco,2406,l,0,,
5396,Shulk,2406,w,2,,
5397,Bowser Jr,2407,l,0,,
5398,Diddy Kong,2407,w,2,,
5399,Ken,2408,l,0,,
5400,Ryu,2408,l,0,,
5401,Robin,2408,w,0,,
5402,Roy,2408,w,1,,
5403,Corrin,2409,l,0,,
5404,Dark Samus,2409,w,2,,
5405,Wolf,2410,l,0,,
5406,Richter Belmont,2410,w,2,,
5407,Toon Link,2411,w,1,,
5408,Ridley,2411,l,0,,
5409,Meta Knight,2412,w,1,,
5410,Ice Climbers,2412,l,0,,
5411,Duck Hunt,2413,l,0,,
5412,Villager,2413,l,0,,
5413,Isabelle,2413,w,2,,
5414,Inkling,2414,l,0,,
5415,Lucario,2414,w,2,,
5416,King K Rool,2415,l,0,,
5417,Ganondorf,2415,w,1,,
5418,Fox,2416,w,2,,
5419,Lucina,2416,l,0,,
5420,Greninja,2417,w,1,,
5421,King Dedede,2417,l,0,,
5422,Sheik,2418,l,0,,
5423,Peach,2418,w,1,,
5424,Snake,2419,w,3,,
5425,Jigglypuff,2419,l,0,,
5426,Bowser,2420,l,0,,
5427,Samus,2420,l,0,,
5428,Incineroar,2420,w,1,,
5429,Ness,2421,l,0,,
5430,Yoshi,2421,w,1,,
5431,Pokemon Trainer,2422,l,0,,
5432,Kirby,2422,w,2,,
5433,Little Mac,2423,l,0,,
5434,Simon Belmont,2423,w,1,,
5435,Corrin,2424,w,1,,
5436,Rosalina & Luma,2424,l,0,,
5437,Dark Samus,2425,w,1,,
5438,Young Link,2425,l,0,,
5439,Sonic,2426,w,3,,
5440,Bayonetta,2426,l,-3,,
5441,Zelda,2427,l,0,,
5442,Link,2427,w,1,,
5443,Olimar,2428,l,0,,
5444,Wario,2428,w,1,,
5445,Pit,2429,w,1,,
5446,Dark Pit,2429,l,0,,
5447,Meta Knight,2430,l,0,,
5448,Isabelle,2430,w,2,,
5449,Ike,2431,w,3,,
5450,Luigi,2431,l,0,,
5451,Lucas,2432,w,3,,
5452,Daisy,2432,l,0,,
5453,Sheik,2433,l,0,,
5454,Pikachu,2433,w,2,,
5455,Falco,2434,l,-2,,
5456,Snake,2434,w,2,,
5457,Captain Falcon,2435,w,1,,
5458,Mewtwo,2435,l,0,,
5459,Mario,2436,w,2,,
5460,Mega Man,2436,l,0,,
5461,Olimar,2437,w,1,,Y
5462,Lucario,2437,l,0,,
5463,Marth,2438,w,1,,Y
5464,Simon Belmont,2438,l,0,,
5465,Greninja,2439,l,0,,Y
5466,Snake,2439,w,0,,
5467,Pikachu,2440,w,2,,Y
5468,Ike,2440,w,1,,
5469,Robin,2440,l,0,,
5470,Roy,2440,l,0,,
5471,Wario,2441,w,2,,Y
5472,Fox,2441,l,0,,
5473,Kirby,2442,w,0,,Y
5474,Sonic,2442,l,0,,
5475,Lucas,2443,w,1,,Y
5476,Yoshi,2443,l,0,,
5477,Pit,2444,w,1,,Y
5478,Ike,2444,l,0,,
5479,Diddy Kong,2445,l,0,,Y
5480,Toon Link,2445,w,1,,
5481,Mr Game & Watch,2446,l,0,,Y
5482,Mario,2446,w,2,,
5483,ROB,2447,l,0,,
5484,Cloud,2447,w,1,,
5485,Shulk,2447,l,0,,
5486,Richter Belmont,2447,l,0,,
5487,Ganondorf,2447,l,0,,
5488,Dark Samus,2447,l,0,,
5489,Isabelle,2447,l,0,,
5490,Captain Falcon,2447,l,0,,
5491,Ken,2448,l,0,,
5492,Bowser Jr,2448,w,1,,
5493,Dr Mario,2449,w,2,,
5494,Little Mac,2449,l,0,,
5495,Diddy Kong,2450,l,0,,
5496,Robin,2450,w,2,,
5497,Pokemon Trainer,2451,w,2,,
5498,Sonic,2451,l,0,,
5499,Richter Belmont,2452,w,4,,
5500,Ryu,2452,l,-3,,
5501,Dark Samus,2452,l,-1,,
5502,Lucario,2453,w,3,,
5503,Duck Hunt,2453,l,0,,
5504,Luigi,2454,w,1,,
5505,Pac-Man,2454,l,0,,
5506,Villager,2455,l,0,,
5507,Lucina,2455,w,1,,
5508,Meta Knight,2456,l,0,,
5509,Link,2456,w,2,,
5510,Ike,2457,l,0,,
5511,Ganondorf,2457,w,1,,
5512,Mewtwo,2458,w,2,,
5513,Peach,2458,l,0,,
5514,Pichu,2459,l,0,,
5515,Samus,2459,w,2,,
5516,Pikachu,2460,w,2,,
5517,Ness,2460,l,0,,
5518,Greninja,2461,l,0,,
5519,King Dedede,2461,w,2,,
5520,Incineroar,2462,l,-2,,
5521,Bowser,2462,w,3,,
5522,Shulk,2462,l,-1,,
5523,Roy,2463,w,1,,
5524,Young Link,2463,l,0,,
5525,Bayonetta,2464,l,0,,
5526,Corrin,2464,w,2,,
5527,Dr Mario,2465,l,0,,
5528,Wolf,2465,l,0,,
5529,Rosalina & Luma,2465,w,1,,
5530,Marth,2466,l,0,,
5531,Wii Fit Trainer,2466,w,1,,
5532,Ridley,2467,l,0,,
5533,Dark Samus,2467,w,1,,
5534,Zelda,2468,w,1,,
5535,Palutena,2468,l,0,,
5536,Yoshi,2469,w,2,,
5537,Luigi,2469,w,1,,
5538,Incineroar,2469,l,0,,
5539,Mewtwo,2469,l,0,,
5540,Ice Climbers,2470,l,0,,
5541,King K Rool,2470,w,1,,
5542,DK,2471,w,2,,
5543,Inkling,2471,l,0,,
5544,Cloud,2472,w,2,,
5545,Fox,2472,l,0,,
5546,Chrom,2473,w,1,,
5547,Daisy,2473,l,0,,
5548,Mr Game & Watch,2474,l,0,,
5549,Ness,2474,w,2,,
5550,Jigglypuff,2475,l,0,,
5551,Bowser,2475,w,3,,
5552,Captain Falcon,2476,l,0,,
5553,Sheik,2476,w,2,,
5554,Mewtwo,2477,l,-3,,
5555,Samus,2477,w,3,,
5556,Kirby,2478,l,0,,
5557,Wolf,2478,w,2,,
5558,Pokemon Trainer,2479,l,0,,
5559,Wii Fit Trainer,2479,w,1,,
5560,Little Mac,2480,w,2,,
5561,Ken,2480,l,0,,
5562,Young Link,2481,w,2,,
5563,ROB,2481,l,0,,
5564,Corrin,2482,l,0,,
5565,Roy,2482,w,1,,
5566,Duck Hunt,2483,l,0,,
5567,Pac-Man,2483,w,2,,
5568,Meta Knight,2484,l,0,,
5569,Dark Pit,2484,w,1,,
5570,Ice Climbers,2485,l,0,,
5571,Villager,2485,w,2,,
5572,Link,2486,l,0,,
5573,Lucario,2486,w,1,,
5574,Luigi,2487,l,0,,
5575,Ike,2487,w,2,,
5576,Greninja,2488,l,0,,
5577,King Dedede,2488,w,1,,
5578,Chrom,2489,w,1,,
5579,Falco,2489,l,0,,
5580,Shulk,2490,w,2,,
5581,Incineroar,2490,l,0,,
5582,Ness,2491,w,2,,
5583,Mega Man,2491,l,0,,
5584,Pikachu,2492,l,0,,
5585,Captain Falcon,2492,w,1,,
5586,Wario,2493,w,1,,Y
5587,Lucario,2493,l,0,,
5588,Lucas,2494,l,0,,Y
5589,Ness,2494,w,2,,
5590,Kirby,2495,w,2,,Y
5591,Richter Belmont,2495,l,-2,,
5592,Olimar,2496,l,0,,Y
5593,King K Rool,2496,w,1,,
5594,Snake,2497,w,1,,Y
5595,Bowser,2497,l,0,,
5596,Samus,2497,l,-1,,
5597,Marth,2498,w,3,,Y
5598,Dark Samus,2498,l,0,,
5599,Pikachu,2499,w,0,,
5600,Ike,2499,w,1,,
5601,Luigi,2499,l,0,,
5602,Yoshi,2499,l,0,,
5603,Robin,2500,l,0,,
5604,Lucina,2500,l,0,,
5605,King Dedede,2500,l,0,,
5606,DK,2500,l,0,,
5607,Sheik,2500,w,1,,
5608,Rosalina & Luma,2500,l,0,,
5609,Pit,2501,w,1,,Y
5610,Ganondorf,2501,l,0,,
5611,Mario,2502,w,2,,Y
5612,Captain Falcon,2502,l,0,,
5613,Toon Link,2503,w,1,,Y
5614,Roy,2503,l,0,,
5615,Diddy Kong,2504,l,0,,
5616,Dr Mario,2504,w,1,,
5617,Wii Fit Trainer,2505,l,0,,
5618,Simon Belmont,2505,w,3,,
5619,Toon Link,2506,w,1,,
5620,Bowser Jr,2506,l,0,,
5621,Ryu,2507,l,0,,
5622,ROB,2507,w,3,,
5623,Corrin,2508,w,1,,
5624,Robin,2508,l,0,,
5625,Isabelle,2509,l,0,,
5626,DK,2509,w,2,,
5627,Fox,2510,l,0,,
5628,Inkling,2510,w,2,,
5629,Zelda,2511,w,2,,
5630,Meta Knight,2511,l,0,,
5631,Luigi,2512,w,2,,
5632,Lucina,2512,l,0,,
5633,Lucario,2513,l,0,,
5634,Ganondorf,2513,w,2,,
5635,Chrom,2514,w,3,,
5636,Sheik,2514,l,0,,
5637,Greninja,2515,l,0,,
5638,Yoshi,2515,w,2,,
5639,Shulk,2516,w,2,,
5640,Pichu,2516,l,0,,
5641,Mr Game & Watch,2517,l,0,,
5642,Bowser,2517,w,3,,
5643,Samus,2518,l,0,,
5644,King Dedede,2518,w,1,,
5645,Little Mac,2519,l,0,,
5646,Sonic,2519,w,2,,
5647,Rosalina & Luma,2520,w,1,,
5648,Ridley,2520,l,0,,
5649,Marth,2521,w,1,,
5650,Bayonetta,2521,l,0,,
5651,Wolf,2522,w,1,,
5652,Dr Mario,2522,l,0,,
5653,Richter Belmont,2523,l,0,,
5654,Roy,2523,w,1,,
5655,Pac-Man,2524,l,0,,
5656,Dark Pit,2524,w,3,,
5657,Link,2525,w,2,,
5658,Lucina,2525,l,0,,
5659,King K Rool,2526,w,1,,
5660,Isabelle,2526,l,0,,
5661,Luigi,2527,w,2,,
5662,Inkling,2527,l,0,,
5663,Wario,2528,w,1,,
5664,Ike,2528,l,0,,
5665,Samus,2529,l,0,,
5666,Ness,2529,w,1,,
5667,DK,2530,w,1,,
5668,Diddy Kong,2530,w,1,,
5669,Greninja,2530,l,0,,
5670,Incineroar,2530,l,0,,
5671,Mario,2531,l,0,,
5672,Lucas,2531,w,1,,
5673,Mewtwo,2532,l,0,,
5674,Sheik,2532,w,2,,
5675,Pikachu,2533,w,1,,
5676,Captain Falcon,2533,l,0,,
5677,Bowser Jr,2534,l,0,,
5678,Simon Belmont,2534,w,2,,
5679,Wii Fit Trainer,2535,l,0,,
5680,Young Link,2535,w,1,,
5681,Diddy Kong,2536,w,2,,
5682,Ken,2536,l,0,,
5683,Dark Samus,2537,l,-2,,
5684,Sonic,2537,w,2,,
5685,ROB,2538,l,0,,
5686,Richter Belmont,2538,w,1,,
5687,Fox,2539,w,2,,
5688,Meta Knight,2539,l,0,,
5689,Palutena,2540,w,2,,
5690,Duck Hunt,2540,l,0,,
5691,Ice Climbers,2541,w,2,,
5692,Villager,2541,l,0,,
5693,Dark Pit,2542,w,1,,
5694,Zelda,2542,l,0,,
5695,Yoshi,2543,l,0,,
5696,Luigi,2543,w,3,,
5697,Falco,2544,l,0,,
5698,Mr Game & Watch,2544,w,3,,
5699,Mario,2545,w,2,,
5700,Pichu,2545,l,0,,
5701,Shulk,2546,l,0,,
5702,Chrom,2546,w,1,,
5703,Captain Falcon,2547,w,1,,
5704,Yoshi,2547,l,0,,
5705,Bowser,2548,w,1,,
5706,Lucas,2548,l,0,,
5707,Snake,2549,l,0,,Y
5708,Captain Falcon,2549,w,0,,
5709,Marth,2550,w,2,,Y
5710,Corrin,2550,l,0,,
5711,Wario,2551,w,2,,Y
5712,Luigi,2551,l,0,,
5713,Ness,2552,l,0,,Y
5714,King Dedede,2552,w,5,,
5715,Kirby,2553,w,1,,Y
5716,Sonic,2553,l,-1,,
5717,King K Rool,2554,w,2,,Y
5718,Dark Pit,2554,l,0,,
5719,Pikachu,2555,w,2,,Y
5720,Ike,2555,w,1,,
5721,Diddy Kong,2555,l,0,,
5722,DK,2555,l,0,,
5723,Mario,2556,w,3,,Y
5724,Bowser,2556,l,0,,
5725,Toon Link,2557,w,2,,Y
5726,Roy,2557,l,0,,
5727,Richter Belmont,2557,l,0,,
5728,Pit,2558,w,1,,Y
5729,Cloud,2558,l,0,,
5730,Kirby,2559,l,0,,Y
5731,Ganondorf,2559,l,0,,
5732,Wolf,2559,w,1,,
5733,Wario,2559,l,0,,
5734,Pikachu,2559,l,0,,
5735,Chrom,2559,l,0,,
5736,Wii Fit Trainer,2560,l,0,,
5737,Sonic,2560,w,1,,
5738,Bayonetta,2561,w,1,,
5739,Ken,2561,l,0,,
5740,Wolf,2562,l,0,,
5741,Dr Mario,2562,w,2,,
5742,Simon Belmont,2563,w,2,,
5743,Little Mac,2563,l,0,,
5744,Roy,2564,w,2,,
5745,Robin,2564,l,-2,,
5746,Pit,2565,w,2,,
5747,Isabelle,2565,l,0,,
5748,Palutena,2566,w,2,,
5749,Olimar,2566,l,0,,
5750,Pac-Man,2567,l,0,,
5751,Lucario,2567,w,2,,
5752,Cloud,2568,w,3,,
5753,Meta Knight,2568,l,0,,
5754,Dark Pit,2569,w,2,,
5755,Fox,2569,l,0,,
5756,Inkling,2569,l,0,,
5757,Peach,2570,l,0,,
5758,Jigglypuff,2570,w,3,,
5759,Mr Game & Watch,2571,w,1,,
5760,Sheik,2571,l,0,,
5761,Mega Man,2572,w,1,,
5762,Falco,2572,l,0,,
5763,Samus,2573,l,0,,
5764,Snake,2573,w,1,,
5765,Chrom,2574,l,0,,
5766,Ness,2574,w,3,,
5767,Corrin,2575,l,0,,
5768,Rosalina & Luma,2575,w,1,,
5769,Ryu,2576,l,0,,
5770,Ken,2576,l,0,,
5771,Peach,2576,w,2,,
5772,Daisy,2576,w,1,,
5773,ROB,2577,w,2,,
5774,Pokemon Trainer,2577,l,0,,
5775,Young Link,2578,w,1,,
5776,Ridley,2578,l,0,,
5777,Dark Samus,2579,l,0,,
5778,Simon Belmont,2579,w,1,,
5779,Villager,2580,w,3,,
5780,Duck Hunt,2580,l,0,,
5781,King K Rool,2581,w,2,,
5782,Palutena,2581,l,0,,
5783,Ice Climbers,2582,l,0,,
5784,Lucario,2582,w,2,,
5785,Luigi,2583,l,0,,
5786,Lucina,2583,w,2,,
5787,Ganondorf,2584,w,3,,
5788,Link,2584,l,0,,
5789,Greninja,2585,w,1,,
5790,Mr Game & Watch,2585,l,0,,
5791,Daisy,2586,l,0,,
5792,Jigglypuff,2586,w,2,,
5793,Mewtwo,2587,l,0,,
5794,Yoshi,2587,w,1,,
5795,Bowser,2588,w,1,,
5796,Incineroar,2588,l,0,,
5797,Snake,2589,w,2,,
5798,Pikachu,2589,l,0,,
5799,Diddy Kong,2590,w,3,,
5800,Bowser Jr,2590,l,0,,
5801,Little Mac,2591,l,0,,
5802,Toon Link,2591,w,1,,
5803,Bayonetta,2592,l,0,,
5804,Rosalina & Luma,2592,w,2,,
5805,ROB,2593,w,2,,
5806,Wii Fit Trainer,2593,l,0,,
5807,Marth,2594,l,0,,
5808,Kirby,2594,w,1,,
5809,Inkling,2595,w,2,,
5810,Duck Hunt,2595,l,0,,
5811,Captain Falcon,2596,w,3,,
5812,Olimar,2596,l,0,,
5813,Zelda,2597,l,0,,
5814,Lucina,2597,w,1,,
5815,Wario,2598,w,1,,
5816,DK,2598,l,0,,
5817,Ike,2599,l,0,,
5818,Link,2599,w,1,,
5819,Mario,2600,w,2,,
5820,Incineroar,2600,l,0,,
5821,Greninja,2601,l,0,,
5822,Samus,2601,w,1,,
5823,Lucas,2602,w,1,,
5824,Shulk,2602,l,0,,
5825,Jigglypuff,2603,w,2,,
5826,Pichu,2603,l,0,,
5827,Falco,2603,l,0,,
5828,Sheik,2604,l,0,,
5829,Chrom,2604,w,1,,
5830,Wario,2605,l,0,,Y
5831,Dark Pit,2605,w,1,,
5832,Kirby,2606,w,2,,Y
5833,Roy,2606,l,-2,,
5834,King Dedede,2607,w,2,,Y
5835,Ness,2607,l,0,,
5836,King K Rool,2608,w,2,,Y
5837,Lucina,2608,l,0,,
5838,Marth,2609,w,3,,Y
5839,ROB,2609,l,0,,
5840,Captain Falcon,2610,w,1,,Y
5841,Chrom,2610,l,-1,,
5842,Pikachu,2611,w,3,,Y
5843,Ike,2611,w,3,,
5844,Peach,2611,l,0,,
5845,Daisy,2611,l,0,,
5846,Lucario,2612,w,1,,
5847,Cloud,2612,l,0,,
5848,King K Rool,2612,l,0,,
5849,Lucina,2612,l,0,,
5850,Wario,2612,l,0,,
5851,Link,2612,l,0,,
5852,Dr Mario,2613,l,0,,
5853,Sonic,2613,l,0,,
5854,Young Link,2613,l,0,,
5855,Diddy Kong,2613,l,0,,
5856,Rosalina & Luma,2613,l,0,,
5857,Kirby,2613,w,1,,
5858,Mr Game & Watch,2614,l,0,,
5859,Mega Man,2614,l,0,,
5860,Yoshi,2614,w,1,,
5861,Bowser,2614,l,0,,
5862,Lucas,2614,l,0,,
5863,Jigglypuff,2614,l,0,,
5864,Pit,2615,l,0,,Y
5865,Ganondorf,2615,w,1,,
5866,Toon Link,2616,w,1,,Y
5867,Simon Belmont,2616,l,0,,
5868,Mario,2617,l,0,,Y
5869,Snake,2617,w,1,,
5870,Snake,2618,w,1,,Y
5871,Yoshi,2618,l,0,,
5872,Young Link,2619,w,3,,
5873,Rosalina & Luma,2619,l,0,,
5874,Ryu,2620,l,0,,
5875,Ridley,2620,w,3,,
5876,Diddy Kong,2621,w,1,,
5877,Wolf,2621,l,0,,
5878,ROB,2622,w,2,,
5879,Roy,2622,l,0,,
5880,Simon Belmont,2623,w,0,,
5881,Richter Belmont,2623,w,2,,
5882,Luigi,2624,w,1,,
5883,Villager,2624,l,0,,
5884,Ganondorf,2625,w,2,,
5885,Zelda,2625,l,0,,
5886,Lucario,2626,w,2,,
5887,Lucina,2626,l,0,,
5888,Ike,2627,w,3,,
5889,Fox,2627,l,0,,
5890,Pit,2628,l,0,,
5891,Cloud,2628,w,1,,
5892,Wario,2628,l,0,,
5893,Falco,2629,w,1,,
5894,Pichu,2629,l,0,,
5895,King Dedede,2630,w,1,,
5896,Mega Man,2630,l,0,,
5897,Mewtwo,2631,w,2,,
5898,Lucas,2631,l,0,,
5899,Mario,2632,w,2,,
5900,Pikachu,2632,l,0,,
5901,Bowser,2633,w,1,,
5902,Chrom,2633,l,0,,
5903,Mario,2633,l,0,,
5904,Dr Mario,2634,l,0,,
5905,Marth,2634,w,1,,
5906,Sonic,2635,w,1,,
5907,Pokemon Trainer,2635,l,0,,
5908,Bayonetta,2636,l,0,,
5909,Little Mac,2636,w,1,,
5910,Corrin,2637,w,2,,
5911,Dark Samus,2637,l,0,,
5912,Young Link,2638,l,-2,,
5913,ROB,2638,w,2,,
5914,Diddy Kong,2638,l,0,,
5915,Fox,2639,w,2,,
5916,Pac-Man,2639,l,0,,
5917,Ice Climbers,2640,w,2,,
5918,Inkling,2640,l,0,,
5919,Pit,2641,w,2,,
5920,Palutena,2641,w,2,,
5921,Chrom,2641,l,0,,
5922,Roy,2641,l,0,,
5923,Meta Knight,2642,l,0,,
5924,Luigi,2642,w,2,,
5925,Link,2643,w,1,,
5926,DK,2643,l,0,,
5927,Mr Game & Watch,2644,w,2,,
5928,Mega Man,2644,l,0,,
5929,Greninja,2645,w,1,,
5930,Shulk,2645,l,0,,
5931,Sheik,2646,l,0,,
5932,Ness,2646,w,3,,
5933,Snake,2647,w,3,,
5934,Lucas,2647,l,0,,
5935,Yoshi,2648,w,1,,
5936,Samus,2648,l,0,,
5937,Simon Belmont,2649,w,3,,
5938,Wolf,2649,l,0,,
5939,Toon Link,2650,w,1,,
5940,Robin,2650,l,0,,
5941,Wii Fit Trainer,2651,l,0,,
5942,Corrin,2651,w,2,,
5943,Bowser Jr,2652,l,0,,
5944,Kirby,2652,w,3,,
5945,Ridley,2653,l,0,,
5946,Sonic,2653,w,3,,
5947,Olimar,2654,w,2,,
5948,Duck Hunt,2654,l,0,,
5949,Dark Pit,2655,w,3,,
5950,Palutena,2655,l,0,,
5951,Lucina,2656,w,3,,
5952,Meta Knight,2656,l,0,,
5953,King K Rool,2657,w,2,,
5954,Pac-Man,2657,l,0,,
5955,DK,2658,w,1,,
5956,Inkling,2658,l,0,,
5957,Mega Man,2659,w,3,,
5958,Peach,2659,l,0,,
5959,Shulk,2660,w,1,,
5960,Incineroar,2660,l,0,,
5961,Samus,2661,w,2,,
5962,Mr Game & Watch,2661,l,0,,
5963,Ness,2662,w,1,,
5964,Chrom,2662,l,0,,
5965,Mewtwo,2663,l,-1,,
5966,Falco,2663,l,-1,,
5967,Greninja,2663,w,2,,
5968,Marth,2664,w,1,,Y
5969,Sonic,2664,l,0,,
5970,Captain Falcon,2665,w,1,,Y
5971,Greninja,2665,l,-1,,
5972,King K Rool,2666,l,0,,Y
5973,DK,2666,w,1,,
5974,Kirby,2667,w,1,,Y
5975,ROB,2667,l,0,,
5976,King Dedede,2668,w,1,,Y
5977,Yoshi,2668,l,0,,
5978,Dark Pit,2669,w,2,,Y
5979,Link,2669,l,0,,
5980,Pikachu,2670,w,2,,Y
5981,Ike,2670,w,1,,
5982,Pit,2670,l,0,,
5983,Palutena,2670,l,0,,
5984,Ganondorf,2671,l,0,,Y
5985,Cloud,2671,w,1,,
5986,Snake,2672,l,0,,Y
5987,Bowser,2672,w,2,,
5988,Toon Link,2673,w,2,,Y
5989,Richter Belmont,2673,l,0,,
5990,Ice Climbers,2674,w,1,,
5991,Jigglypuff,2674,l,0,,
5992,Daisy,2674,l,0,,
5993,Falco,2675,l,0,,
5994,Ryu,2675,w,1,,
5995,Robin,2676,l,0,,
5996,Palutena,2676,w,1,,
5997,Link,2677,l,0,,
5998,Toon Link,2677,w,1,,
5999,Diddy Kong,2678,w,2,,
6000,Wolf,2678,l,0,,
6001,Corrin,2679,w,1,,
6002,Lucina,2679,l,0,,
6003,Mewtwo,2680,l,0,,
6004,Dark Samus,2680,w,2,,
6005,Incineroar,2681,w,1,,
6006,Olimar,2681,l,0,,
6007,Yoshi,2682,w,2,,
6008,Wario,2682,l,0,,
6009,Ganondorf,2683,l,0,,
6010,King K Rool,2683,w,1,,
6011,Pac-Man,2684,l,0,,
6012,Bowser,2684,w,3,,
6013,Dr Mario,2685,w,2,,
6014,Inkling,2685,l,0,,
6015,Mr Game & Watch,2686,l,0,,
6016,Ness,2686,w,2,,
6017,Villager,2687,l,0,,
6018,Young Link,2687,w,2,,
6019,Roy,2688,l,0,,
6020,Shulk,2688,w,2,,
6021,Simon Belmont,2689,w,1,,
6022,Rosalina & Luma,2689,l,0,,
6023,Sonic,2690,w,1,,
6024,Pokemon Trainer,2690,l,0,,
6025,Fox,2691,l,0,,
6026,Toon Link,2691,w,3,,
6027,Samus,2692,w,2,,
6028,Bowser Jr,2692,l,0,,
6029,ROB,2693,w,2,,
6030,Link,2693,l,-2,,
6031,Incineroar,2694,w,3,,
6032,Dark Samus,2694,l,0,,
6033,Bayonetta,2695,l,0,,
6034,Meta Knight,2695,w,1,,
6035,Isabelle,2696,w,2,,
6036,Ridley,2696,l,0,,
6037,Luigi,2697,l,0,,
6038,Lucas,2697,w,1,,
6039,Yoshi,2698,l,0,,
6040,Pit,2698,w,1,,
6041,Greninja,2699,w,2,,
6042,Pichu,2699,l,0,,
6043,Roy,2700,w,1,,
6044,Sheik,2700,l,0,,
6045,Ike,2701,w,1,,
6046,Mega Man,2701,l,0,,
6047,Chrom,2702,l,-1,,
6048,Young Link,2702,w,1,,
6049,Ganondorf,2703,l,0,,
6050,Wario,2703,l,0,,
6051,Mario,2703,w,1,,
6052,Luigi,2703,w,3,,
6053,Toon Link,2704,w,1,,
6054,Kirby,2704,l,0,,
6055,Falco,2705,w,1,,
6056,Diddy Kong,2705,l,0,,
6057,Marth,2706,w,3,,
6058,Ice Climbers,2706,l,0,,
6059,Wii Fit Trainer,2707,l,0,,
6060,Link,2707,w,2,,
6061,Simon Belmont,2708,w,1,,
6062,Sonic,2708,l,0,,
6063,Zelda,2709,w,2,,
6064,Duck Hunt,2709,l,0,,
6065,DK,2710,w,2,,
6066,Bayonetta,2710,l,0,,
6067,Cloud,2711,w,1,,
6068,Lucina,2711,l,0,,
6069,Dark Pit,2712,w,1,,
6070,Ridley,2712,l,0,,
6071,Incineroar,2713,l,0,,
6072,Meta Knight,2713,w,1,,
6073,Villager,2714,w,3,,
6074,Peach,2714,l,0,,
6075,Mega Man,2715,l,0,,
6076,Dr Mario,2715,w,2,,
6077,Mr Game & Watch,2716,l,0,,
6078,Chrom,2716,w,1,,
6079,King Dedede,2717,w,3,,
6080,Little Mac,2717,l,0,,
6081,Snake,2718,l,0,,
6082,Ness,2718,w,3,,
6083,Captain Falcon,2719,w,4,,Y
6084,Young Link,2719,l,-4,,
6085,Dark Pit,2720,w,3,,Y
6086,Pit,2720,l,0,,
6087,Kirby,2721,w,2,,Y
6088,ROB,2721,l,-2,,
6089,King Dedede,2722,l,0,,Y
6090,Shulk,2722,w,1,,
6091,DK,2723,l,0,,Y
6092,Meta Knight,2723,w,1,,
6093,Marth,2724,w,2,,Y
6094,Diddy Kong,2724,l,0,,
6095,Pikachu,2725,w,2,,Y
6096,Ike,2725,w,2,,
6097,Mario,2725,l,0,,
6098,Luigi,2725,l,0,,
6099,Bowser,2726,l,0,,Y
6100,Ness,2726,w,1,,
6101,Cloud,2727,w,1,,Y
6102,King K Rool,2727,l,0,,
6103,Toon Link,2728,w,1,,Y
6104,Simon Belmont,2728,l,0,,
6105,Wario,2729,w,2,,
6106,Ryu,2729,l,0,,
6107,Link,2730,w,1,,
6108,Samus,2730,l,0,,
6109,Marth,2731,w,1,,
6110,Kirby,2731,l,0,,
6111,Ken,2732,l,0,,
6112,Pokemon Trainer,2732,l,0,,
6113,Daisy,2732,w,1,,
6114,Bowser Jr,2732,l,0,,
6115,Falco,2733,l,0,,
6116,Ice Climbers,2733,l,0,,
6117,Wii Fit Trainer,2733,l,0,,
6118,Robin,2733,w,1,,
6119,Meta Knight,2734,l,0,,
6120,Diddy Kong,2734,w,2,,
6121,Dark Pit,2735,w,2,,
6122,Lucina,2735,l,0,,
6123,Cloud,2736,w,2,,
6124,Dark Samus,2736,l,0,,
6125,Duck Hunt,2737,l,0,,
6126,Bayonetta,2737,l,0,,
6127,Olimar,2737,w,1,,
6128,Mewtwo,2737,l,0,,
6129,Isabelle,2738,l,0,,
6130,Ridley,2738,w,1,,
6131,Zelda,2738,l,0,,
6132,Ness,2739,w,1,,
6133,Dr Mario,2739,l,0,,
6134,Shulk,2740,l,0,,
6135,Greninja,2740,w,1,,
6136,Roy,2741,l,0,,
6137,King Dedede,2741,w,2,,
6138,Pichu,2742,l,0,,
6139,Pac-Man,2742,l,0,,
6140,Peach,2742,w,2,,
6141,Little Mac,2742,l,0,,
6142,Mega Man,2743,w,2,,
6143,Villager,2743,l,0,,
6144,Sheik,2743,l,0,,
6145,Falco,2744,l,0,,
6146,Toon Link,2744,w,2,,
6147,Ryu,2745,w,2,,
6148,Jigglypuff,2745,l,0,,
6149,Wolf,2746,w,2,,
6150,Fox,2746,l,0,,
6151,Rosalina & Luma,2747,w,2,,
6152,Palutena,2747,l,0,,
6153,Sonic,2748,l,0,,
6154,ROB,2748,l,0,,
6155,Simon Belmont,2748,w,2,,
6156,Cloud,2749,w,3,,
6157,Ridley,2749,l,0,,
6158,Incineroar,2750,w,1,,
6159,Dark Samus,2750,l,0,,
6160,Lucas,2751,l,0,,
6161,Lucina,2751,w,1,,
6162,Corrin,2752,l,0,,
6163,DK,2752,w,2,,
6164,Ganondorf,2753,l,0,,
6165,Luigi,2753,w,1,,
6166,King K Rool,2753,l,0,,
6167,Captain Falcon,2754,w,1,,
6168,Villager,2754,l,0,,
6169,Inkling,2755,w,3,,
6170,Mr Game & Watch,2755,l,0,,
6171,Greninja,2756,w,1,,
6172,Dr Mario,2756,l,0,,
6173,Chrom,2757,w,2,,
6174,Young Link,2757,l,0,,
6175,Bowser,2758,l,0,,
6176,Pikachu,2758,l,0,,
6177,Ike,2758,w,1,,
6178,Wolf,2759,w,2,,
6179,Pokemon Trainer,2759,l,0,,
6180,Simon Belmont,2760,l,0,,
6181,Ryu,2760,w,1,,
6182,Samus,2761,w,2,,
6183,Richter Belmont,2761,l,0,,
6184,Link,2762,l,0,,
6185,Wario,2762,w,1,,
6186,ROB,2763,w,1,,
6187,Sonic,2763,l,0,,
6188,Duck Hunt,2764,w,2,,
6189,Bayonetta,2764,l,0,,
6190,Meta Knight,2765,w,1,,
6191,Lucas,2765,l,0,,
6192,Diddy Kong,2766,l,0,,
6193,Pit,2766,w,1,,
6194,Lucario,2767,w,1,,
6195,Yoshi,2767,l,0,,
6196,King K Rool,2768,l,0,,
6197,Ganondorf,2768,w,1,,
6198,Captain Falcon,2769,w,1,,
6199,Inkling,2769,l,0,,
6200,Mega Man,2770,w,2,,
6201,Sheik,2770,l,0,,
6202,Roy,2771,l,0,,
6203,King Dedede,2771,w,1,,
6204,Mario,2772,w,2,,
6205,Snake,2772,l,0,,
6206,Bowser,2773,l,0,,
6207,Pikachu,2773,w,1,,
6208,Toon Link,2774,w,1,1,Y
6209,Daisy,2774,l,0,16,
6210,Simon Belmont,2775,w,1,2,
6211,Robin,2775,l,0,15,
6212,ROB,2776,l,0,3,
6213,Jigglypuff,2776,w,1,14,
6214,Sonic,2777,l,0,4,
6215,Ryu,2777,w,1,13,
6216,Wario,2778,w,1,5,
6217,Fox,2778,l,0,12,
6218,Link,2779,w,1,6,
6219,Wolf,2779,l,0,11,
6220,Samus,2780,w,1,7,
6221,Palutena,2780,l,0,10,
6222,Richter Belmont,2781,l,0,8,
6223,Rosalina & Luma,2781,w,1,9,
6224,Toon Link,2782,w,1,1,Y
6225,Rosalina & Luma,2782,l,0,9,
6226,Wario,2783,w,1,5,
6227,Ryu,2783,l,0,13,
6228,Link,2784,w,1,6,
6229,Jigglypuff,2784,l,0,14,
6230,Simon Belmont,2785,l,0,2,
6231,Samus,2785,w,1,7,
6232,Toon Link,2786,l,0,1,Y
6233,Wario,2786,w,1,5,
6234,Link,2787,w,1,6,
6235,Samus,2787,l,0,7,
6236,Wario,2788,w,1,5,
6237,Link,2788,l,0,6,
6238,Cloud,2789,w,1,1,Y
6239,Olimar,2789,l,0,16,
6240,Luigi,2790,w,1,2,
6241,Ridley,2790,l,0,15,
6242,Ganondorf,2791,w,1,3,
6243,Dark Samus,2791,l,0,14,
6244,King K Rool,2792,w,1,4,
6245,Incineroar,2792,l,0,13,
6246,Lucario,2793,w,1,5,
6247,Lucas,2793,l,0,12,
6248,Yoshi,2794,l,0,6,
6249,Lucina,2794,w,1,11,
6250,Pit,2795,l,0,7,
6251,Corrin,2795,w,1,10,
6252,Diddy Kong,2796,w,1,8,
6253,DK,2796,l,0,9,
6254,Cloud,2797,w,1,1,Y
6255,Diddy Kong,2797,l,0,8,
6256,Lucario,2798,l,0,5,
6257,King K Rool,2798,w,1,4,
6258,Ganondorf,2799,l,0,3,
6259,Lucina,2799,w,1,11,
6260,Luigi,2800,l,0,2,
6261,Corrin,2800,w,1,10,
6262,Cloud,2801,w,1,1,Y
6263,King K Rool,2801,l,0,4,
6264,Corrin,2802,l,0,10,
6265,Lucina,2802,w,1,11,
6266,Cloud,2803,w,1,1,Y
6267,Lucina,2803,l,0,11,
6268,Ness,2804,w,1,1,Y
6269,Peach,2804,l,0,16,
6270,Ike,2805,w,1,2,
6271,Mega Man,2805,l,0,15,
6272,Pikachu,2806,w,1,3,
6273,Mr Game & Watch,2806,l,0,14,
6274,Bowser,2807,w,1,4,
6275,Inkling,2807,l,0,13,
6276,Mario,2808,w,1,5,
6277,Dr Mario,2808,l,0,12,
6278,Snake,2809,w,1,6,
6279,Greninja,2809,l,0,11,
6280,King Dedede,2810,l,0,7,
6281,Young Link,2810,w,1,10,
6282,Roy,2811,w,1,8,
6283,Chrom,2811,l,0,9,
6284,Ness,2812,w,1,1,Y
6285,Roy,2812,l,0,8,
6286,Mario,2813,w,1,5,
6287,Bowser,2813,l,0,4,
6288,Pikachu,2814,w,1,3,
6289,Snake,2814,l,0,6,
6290,Ike,2815,l,0,2,
6291,Young Link,2815,w,1,10,
6292,Ness,2816,w,1,1,Y
6293,Mario,2816,l,0,5,
6294,Pikachu,2817,l,0,3,
6295,Young Link,2817,w,1,10,
6296,Ness,2818,w,1,1,Y
6297,Young Link,2818,l,0,10,
6298,Robin,2819,w,2,,
6299,Ice Climbers,2819,l,0,,
6300,Kirby,2820,w,2,,
6301,Fox,2820,l,0,,
6302,Rosalina & Luma,2821,l,0,,
6303,Wolf,2821,w,3,,
6304,Wario,2822,w,2,,
6305,Toon Link,2822,l,0,,
6306,Richter Belmont,2823,l,0,,
6307,Sonic,2823,w,1,,
6308,Ridley,2824,l,0,,
6309,Corrin,2824,w,1,,
6310,Mewtwo,2825,l,0,,
6311,Zelda,2825,w,2,,
6312,Pit,2826,l,0,,
6313,Diddy Kong,2826,w,3,,
6314,Dark Samus,2827,l,0,,
6315,Incineroar,2827,w,1,,
6316,King K Rool,2828,w,1,,
6317,Lucina,2828,l,0,,
6318,Little Mac,2829,w,1,,
6319,Pac-Man,2829,l,0,,
6320,Mr Game & Watch,2830,w,2,,
6321,Villager,2830,l,0,,
6322,Chrom,2831,l,0,,
6323,Inkling,2831,w,2,,
6324,Dr Mario,2832,w,1,,
6325,Greninja,2832,l,0,,
6326,Snake,2833,w,1,,
6327,Bowser,2833,l,0,,
6328,Bowser Jr,2834,l,0,,
6329,Ken,2834,w,1,,
6330,Marth,2835,w,3,,
6331,Palutena,2835,l,0,,
6332,Fox,2836,w,1,,
6333,Falco,2836,w,1,,
6334,Mewtwo,2836,l,0,,
6335,Bayonetta,2836,l,0,,
6336,Simon Belmont,2837,w,1,,
6337,Link,2837,l,0,,
6338,Samus,2838,l,0,,
6339,ROB,2838,w,1,,
6340,Duck Hunt,2839,w,2,,
6341,Olimar,2839,l,0,,
6342,Bayonetta,2840,l,0,,
6343,Isabelle,2840,w,2,,
6344,King Dedede,2841,w,1,,
6345,DK,2841,w,1,,
6346,Ridley,2841,l,0,,
6347,Dark Samus,2841,l,0,,
6348,Corrin,2842,w,1,,
6349,Lucas,2842,l,0,,
6350,Diddy Kong,2843,w,1,,
6351,Luigi,2843,l,0,,
6352,Pichu,2844,l,0,,
6353,Pac-Man,2844,w,2,,
6354,Peach,2845,l,0,,
6355,Sheik,2845,w,1,,
6356,Mega Man,2846,l,0,,
6357,Roy,2846,w,1,,
6358,Mr Game & Watch,2847,l,-3,,
6359,King Dedede,2847,w,3,,
6360,Pikachu,2848,l,0,,
6361,Mario,2848,w,3,,
6362,Wii Fit Trainer,2849,l,0,,
6363,Daisy,2849,w,1,,
6364,Sonic,2850,w,1,,
6365,Wolf,2850,l,0,,
6366,Pokemon Trainer,2851,w,1,,
6367,Jigglypuff,2851,l,0,,
6368,Richter Belmont,2852,l,0,,
6369,Robin,2852,w,1,,
6370,Link,2853,w,1,,
6371,Ryu,2853,l,-1,,
6372,Meta Knight,2854,w,1,,
6373,Lucina,2854,l,0,,
6374,Dark Pit,2855,l,0,,
6375,Ridley,2855,w,1,,
6376,Zelda,2856,w,2,,
6377,Olimar,2856,l,0,,
6378,Luigi,2857,l,0,,
6379,Yoshi,2857,w,2,,
6380,Ganondorf,2858,w,3,,
6381,Lucario,2858,l,0,,
6382,Captain Falcon,2859,w,3,,
6383,Shulk,2859,l,0,,
6384,Peach,2860,l,0,,
6385,Sheik,2860,w,2,,
6386,Little Mac,2861,w,1,,
6387,Mega Man,2861,l,0,,
6388,Inkling,2862,l,0,,
6389,Roy,2862,w,1,,
6390,Chrom,2862,l,-1,,
6391,Young Link,2863,w,3,,
6392,Ike,2863,l,0,,
6393,Kirby,2864,w,1,,Y
6394,Sonic,2864,l,1,,
6395,Link,2864,l,-2,,
6396,Shulk,2865,l,0,,Y
6397,Dr Mario,2865,w,1,,
6398,Little Mac,2865,l,0,,
6399,Meta Knight,2866,w,1,,Y
6400,Incineroar,2866,l,0,,
6401,Zelda,2866,l,0,,
6402,Marth,2867,l,0,,Y
6403,Wolf,2867,l,0,,
6404,Robin,2867,w,1,,
6405,Captain Falcon,2868,w,0,,Y
6406,King Dedede,2868,l,0,,
6407,Roy,2868,l,-1,,
6408,Dark Pit,2869,w,1,,Y
6409,Corrin,2869,l,0,,
6410,Ridley,2869,l,0,,
6411,Ike,2870,w,1,,Y
6412,Pikachu,2870,w,1,,
6413,Fox,2870,l,0,,
6414,Falco,2870,l,0,,
6415,King Dedede,2870,l,0,,
6416,DK,2870,l,0,,
6417,Cloud,2871,w,1,,Y
6418,King K Rool,2871,l,0,,
6419,Diddy Kong,2871,l,0,,
6420,Ganondorf,2871,l,0,,
6421,Ness,2872,w,2,,Y
6422,Snake,2872,l,0,,
6423,Mario,2872,l,0,,
6424,Young Link,2872,l,0,,
6425,Wario,2873,l,0,,Y
6426,Toon Link,2873,l,0,,
6427,Simon Belmont,2873,l,0,,
6428,ROB,2873,w,1,,
6429,Cloud,2874,w,1,,Y
6430,Lucario,2874,l,0,,
6431,ROB,2875,w,3,,
6432,Ken,2875,l,0,,
6433,Ice Climbers,2876,l,0,,
6434,Sonic,2876,w,1,,
6435,Robin,2877,w,2,,
6436,Wii Fit Trainer,2877,l,0,,
6437,Marth,2878,l,0,,
6438,Toon Link,2878,w,1,,
6439,Link,2879,w,6,,
6440,Samus,2879,l,-6,,
6441,Incineroar,2880,l,0,,
6442,Lucina,2880,w,2,,
6443,Ridley,2881,w,2,,
6444,Mewtwo,2881,l,0,,
6445,Cloud,2882,w,3,,
6446,Pit,2882,l,0,,
6447,Ganondorf,2883,w,1,,
6448,Corrin,2883,l,0,,
6449,Luigi,2884,l,0,,
6450,King K Rool,2884,w,1,,
6451,Diddy Kong,2884,l,0,,
6452,Mega Man,2885,l,0,,
6453,Inkling,2885,w,1,,
6454,Pac-Man,2886,w,1,,
6455,Mr Game & Watch,2886,l,0,,
6456,King Dedede,2887,l,0,,
6457,Bowser,2887,w,2,,
6458,Chrom,2888,l,0,,
6459,Mario,2888,w,1,,
6460,Young Link,2889,l,0,,
6461,Shulk,2889,w,1,,
6462,Ryu,2890,w,1,,
6463,Daisy,2890,l,0,,
6464,Wolf,2891,l,0,,
6465,Kirby,2891,w,1,,
6466,Richter Belmont,2892,w,2,,
6467,Falco,2892,l,0,,
6468,Marth,2893,w,1,,
6469,Simon Belmont,2893,l,0,,
6470,Wario,2894,l,0,,
6471,Toon Link,2894,w,1,,
6472,Olimar,2895,l,0,,
6473,Isabelle,2895,w,3,,
6474,Lucario,2896,w,2,,
6475,Dark Samus,2896,l,0,,
6476,DK,2897,l,0,,
6477,Diddy Kong,2897,l,0,,
6478,Richter Belmont,2897,w,1,,
6479,Simon Belmont,2897,w,1,,
6480,Lucas,2898,l,0,,
6481,Ridley,2898,w,1,,
6482,Ganondorf,2899,w,3,,
6483,Lucina,2899,l,0,,
6484,Pikachu,2900,w,1,,
6485,Greninja,2900,l,0,,
6486,Little Mac,2901,w,3,,
6487,Villager,2901,l,0,,
6488,Snake,2902,w,1,,
6489,Mega Man,2902,l,0,,
6490,Sheik,2903,l,0,,
6491,Roy,2903,w,1,,
6492,Mario,2904,l,0,,
6493,Bowser,2904,w,1,,
6494,Bowser Jr,2905,l,0,,
6495,Wolf,2905,w,1,,
6496,Fox,2906,l,0,,
6497,Sonic,2906,w,3,,
6498,Robin,2907,w,1,,
6499,Samus,2907,l,0,,
6500,Palutena,2908,w,1,,
6501,Pokemon Trainer,2908,l,0,,
6502,Rosalina & Luma,2909,w,1,,
6503,Ryu,2909,l,0,,
6504,Bayonetta,2910,l,0,,
6505,Mewtwo,2910,w,2,,
6506,Duck Hunt,2911,l,0,,
6507,Zelda,2911,w,1,,
6508,Meta Knight,2912,w,1,,
6509,Isabelle,2912,l,0,,
6510,Dark Pit,2913,w,1,,
6511,DK,2913,l,0,,
6512,Ridley,2914,l,0,,
6513,Yoshi,2914,w,3,,
6514,Pac-Man,2915,w,1,,
6515,Peach,2915,l,0,,
6516,Pichu,2916,l,0,,
6517,Inkling,2916,w,2,,
6518,King Dedede,2917,l,0,,
6519,Ike,2917,w,2,,
6520,Young Link,2918,w,3,,
6521,Sheik,2918,l,0,,
6522,Little Mac,2919,w,2,,
6523,Roy,2919,l,-2,,
6524,Captain Falcon,2920,w,1,,Y
6525,Little Mac,2920,l,-1,,
6526,Robin,2921,w,1,,Y
6527,Rosalina & Luma,2921,l,0,,
6528,Dark Pit,2922,w,2,,Y
6529,Ganondorf,2922,l,0,,
6530,Dr Mario,2923,w,3,,Y
6531,Shulk,2923,l,0,,
6532,Kirby,2924,w,0,,Y
6533,Link,2924,l,0,,
6534,Meta Knight,2925,l,0,,Y
6535,Yoshi,2925,w,2,,
6536,Pikachu,2926,w,1,,Y
6537,Ike,2926,w,2,,
6538,Richter Belmont,2926,l,0,,
6539,Simon Belmont,2926,l,0,,
6540,ROB,2927,w,3,,Y
6541,Toon Link,2927,l,0,,
6542,Ness,2928,w,1,,Y
6543,Bowser,2928,l,0,,
6544,Cloud,2929,w,2,,Y
6545,King K Rool,2929,l,0,,
6546,Samus,2930,w,2,,
6547,Palutena,2930,l,0,,
6548,Sonic,2931,w,2,,
6549,Rosalina & Luma,2931,l,0,,
6550,Pokemon Trainer,2932,w,1,,
6551,Ice Climbers,2932,l,0,,
6552,Wolf,2933,w,3,,
6553,Ken,2933,l,0,,
6554,Richter Belmont,2934,w,3,,
6555,Ryu,2934,l,0,,
6556,Meta Knight,2935,w,1,,
6557,Zelda,2935,l,0,,
6558,Ganondorf,2936,w,2,,
6559,Lucas,2936,l,0,,
6560,Incineroar,2937,w,1,,
6561,Corrin,2937,l,0,,
6562,Luigi,2938,w,3,,
6563,Diddy Kong,2938,l,0,,
6564,Pit,2939,w,2,,
6565,Lucario,2939,l,0,,
6566,Bowser,2940,w,1,,
6567,Villager,2940,l,0,,
6568,Sheik,2941,w,3,,
6569,Little Mac,2941,l,0,,
6570,Mega Man,2942,w,1,,
6571,Greninja,2942,l,0,,
6572,Snake,2943,l,0,,
6573,Chrom,2943,w,1,,
6574,Young Link,2944,w,3,,
6575,Roy,2944,l,-3,,
6576,Fox,2945,w,2,,
6577,Jigglypuff,2945,l,0,,
6578,Robin,2946,w,2,,
6579,Kirby,2946,l,0,,
6580,Ice Climbers,2947,l,0,,
6581,Wario,2947,w,2,,
6582,Link,2948,l,0,,
6583,Toon Link,2948,w,1,,
6584,Marth,2949,w,1,,
6585,Sonic,2949,l,0,,
6586,Ridley,2950,w,2,,
6587,Duck Hunt,2950,l,0,,
6588,Mewtwo,2951,w,2,,
6589,Dark Samus,2951,l,0,,
6590,Incineroar,2952,l,0,,
6591,Lucina,2952,w,1,,
6592,King K Rool,2953,w,2,,
6593,Diddy Kong,2953,l,0,,
6594,Ganondorf,2954,l,0,,
6595,Luigi,2954,w,1,,
6596,Captain Falcon,2955,l,0,,
6597,Dr Mario,2955,w,1,,
6598,Shulk,2956,w,1,,
6599,Pac-Man,2956,l,0,,
6600,Dark Samus,2957,w,2,,
6601,Ridley,2957,w,2,,
6602,Mega Man,2957,l,0,,
6603,Little Mac,2957,l,0,,
6604,Bowser,2958,w,1,,
6605,Snake,2958,l,0,,
6606,King Dedede,2959,w,1,,
6607,Mario,2959,l,0,,
6608,Daisy,2960,l,0,,
6609,Falco,2960,w,1,,
6610,Wii Fit Trainer,2961,l,0,,
6611,Fox,2961,w,1,,
6612,Ryu,2962,l,0,,
6613,Samus,2962,w,2,,
6614,Wario,2963,l,0,,
6615,Simon Belmont,2963,w,1,,
6616,Wolf,2964,l,-1,,
6617,Sonic,2964,w,1,,
6618,Yoshi,2965,w,3,,
6619,Isabelle,2965,l,0,,
6620,Dark Pit,2966,w,2,,
6621,Incineroar,2966,l,0,,
6622,Olimar,2967,l,0,,
6623,DK,2967,w,3,,
6624,Lucina,2968,w,1,,
6625,Mewtwo,2968,l,0,,
6626,Ganondorf,2969,w,2,,
6627,Lucario,2969,l,0,,
6628,Ness,2970,w,3,,
6629,Shulk,2970,l,0,,
6630,Captain Falcon,2971,w,2,,
6631,Mr Game & Watch,2971,l,0,,
6632,Mega Man,2972,w,1,,
6633,Pichu,2972,l,0,,
6634,Inkling,2973,l,0,,
6635,Little Mac,2973,w,1,,
6636,Mario,2974,w,2,,
6637,Chrom,2974,l,0,,
6638,Dr Mario,2975,w,2,,Y
6639,Chrom,2975,l,0,,
6640,Kirby,2976,w,2,,Y
6641,Sonic,2976,l,-2,,
6642,Dark Pit,2977,w,1,,Y
6643,Pit,2977,l,0,,
6644,Captain Falcon,2978,w,4,,Y
6645,Young Link,2978,l,-4,,
6646,Robin,2979,w,1,,Y
6647,Richter Belmont,2979,l,0,,
6648,Yoshi,2980,w,2,,Y
6649,Lucina,2980,l,0,,
6650,Pikachu,2981,w,3,,Y
6651,Ike,2981,w,0,,
6652,Dark Samus,2981,l,0,,
6653,Ridley,2981,l,0,,
6654,Cloud,2982,w,1,,Y
6655,Luigi,2982,l,0,,
6656,ROB,2983,w,1,,Y
6657,Marth,2983,l,0,,
6658,Ness,2984,l,0,,Y
6659,King Dedede,2984,w,1,,
6660,Toon Link,2985,w,2,,
6661,Simon Belmont,2985,w,0,,
6662,King K Rool,2985,l,0,,
6663,Ganondorf,2985,l,0,,
6664,Bowser,2985,l,0,,
6665,Mario,2985,l,0,,
6666,Ryu,2986,l,0,,
6667,Kirby,2986,w,3,,
6668,Ken,2987,l,0,,
6669,Pokemon Trainer,2987,w,3,,
6670,Samus,2988,w,1,,
6671,Palutena,2988,l,0,,
6672,Wolf,2989,l,0,,
6673,Link,2989,w,1,,
6674,Rosalina & Luma,2990,w,0,,
6675,Fox,2990,l,0,,
6676,DK,2991,w,2,,
6677,Dark Samus,2991,l,0,,
6678,Cloud,2992,l,0,,
6679,Ridley,2992,w,1,,
6680,Lucas,2993,w,2,,
6681,Isabelle,2993,l,0,,
6682,Incineroar,2994,w,2,,
6683,Zelda,2994,l,0,,
6684,Pit,2995,w,2,,
6685,Corrin,2995,l,0,,
6686,Sheik,2996,l,0,,
6687,Dr Mario,2996,w,3,,
6688,Villager,2997,w,3,,
6689,Peach,2997,l,0,,
6690,Young Link,2998,l,0,,
6691,Snake,2998,w,1,,
6692,Shulk,2999,l,0,,
6693,Greninja,2999,w,1,,
6694,Pikachu,3000,l,0,,
6695,Ike,3000,w,1,,
6696,Sonic,3001,w,2,,
6697,Bowser Jr,3001,l,0,,
6698,Pokemon Trainer,3002,w,2,,
6699,Wii Fit Trainer,3002,l,0,,
6700,Sheik,3003,l,0,,
6701,Falco,3003,l,0,,
6702,Lucas,3003,w,1,,
6703,Inkling,3003,w,2,,
6704,Toon Link,3004,w,3,,
6705,Ryu,3004,l,0,,
6706,Richter Belmont,3005,l,0,,
6707,Samus,3005,w,1,,
6708,Diddy Kong,3006,w,3,,
6709,Mewtwo,3006,l,0,,
6710,Olimar,3007,l,0,,
6711,Zelda,3007,w,3,,
6712,King K Rool,3008,w,3,,
6713,Bayonetta,3008,l,0,,
6714,Luigi,3009,w,3,,
6715,Ridley,3009,l,0,,
6716,Incineroar,3010,l,0,,
6717,Lucas,3010,w,3,,
6718,Ness,3011,w,3,,
6719,Little Mac,3011,l,0,,
6720,Pichu,3012,l,0,,
6721,Sheik,3012,w,3,,
6722,Mega Man,3013,l,0,,
6723,Shulk,3013,w,1,,
6724,Mr Game & Watch,3014,l,0,,
6725,Captain Falcon,3014,w,2,,
6726,Greninja,3015,w,1,,
6727,Chrom,3015,l,0,,
6728,ROB,3016,w,3,,
6729,Falco,3016,l,0,,
6730,Jigglypuff,3017,w,1,,
6731,Daisy,3017,l,0,,
6732,Robin,3018,l,0,,
6733,Richter Belmont,3018,w,1,,
6734,Simon Belmont,3019,l,0,,
6735,Marth,3019,w,2,,
6736,Wolf,3020,w,1,,
6737,Pokemon Trainer,3020,l,0,,
6738,Lucas,3021,l,0,,
6739,Villager,3021,w,1,,
6740,Mewtwo,3022,w,1,,
6741,Olimar,3022,l,0,,
6742,Duck Hunt,3023,l,0,,
6743,Yoshi,3023,w,1,,
6744,Dark Pit,3024,w,2,,
6745,Ridley,3024,l,0,,
6746,Lucina,3025,w,1,,
6747,DK,3025,l,0,,
6748,Bowser,3026,w,2,,
6749,Pac-Man,3026,l,0,,
6750,Inkling,3027,l,0,,
6751,Roy,3027,w,2,,
6752,Mario,3028,w,1,,
6753,Dr Mario,3028,l,0,,
6754,Little Mac,3029,w,1,,
6755,Mr Game & Watch,3029,w,0,,
6756,Snake,3030,l,-2,,
6757,Shulk,3030,w,2,,
6758,Yoshi,3031,w,3,,Y
6759,Lucas,3031,l,0,,
6760,Dr Mario,3032,w,1,,Y
6761,Greninja,3032,l,0,,
6762,Robin,3033,w,2,,Y
6763,Wolf,3033,l,0,,
6764,Captain Falcon,3034,l,0,,Y
6765,Shulk,3034,w,0,,
6766,Dark Pit,3035,w,1,,Y
6767,Lucina,3035,l,0,,
6768,Kirby,3036,w,3,,Y
6769,Rosalina & Luma,3036,l,-2,,
6770,Pikachu,3037,w,1,,Y
6771,Ike,3037,w,2,,
6772,Lucas,3037,l,0,,
6773,Inkling,3037,l,0,,
6774,King Dedede,3038,w,3,,Y
6775,Ike,3038,l,0,,
6776,ROB,3039,w,2,,Y
6777,Samus,3039,l,0,,
6778,Cloud,3040,w,3,,Y
6779,Pit,3040,l,0,,
6780,Pokemon Trainer,3041,w,1,,
6781,Daisy,3041,l,0,,
6782,Wolf,3042,w,2,,
6783,Ken,3042,l,0,,
6784,Rosalina & Luma,3043,l,0,,
6785,Fox,3043,w,1,,
6786,Richter Belmont,3044,w,3,,
6787,Ryu,3044,l,0,,
6788,Marth,3045,l,0,,
6789,Link,3045,w,1,,
6790,Ridley,3046,w,1,,
6791,Mewtwo,3046,l,0,,
6792,Incineroar,3047,w,1,,
6793,Corrin,3047,l,0,,
6794,DK,3048,w,1,,
6795,Pit,3048,l,0,,
6796,Cloud,3049,l,0,,
6797,Yoshi,3049,w,1,,
6798,King K Rool,3050,l,0,,
6799,Ganondorf,3050,w,2,,
6800,Young Link,3051,w,2,,
6801,Roy,3051,l,0,,
6802,Greninja,3052,l,0,,
6803,Inkling,3052,w,1,,
6804,Chrom,3053,w,3,,
6805,Little Mac,3053,l,0,,
6806,Mega Man,3054,w,1,,
6807,Sheik,3054,l,0,,
6808,Ness,3055,w,2,,
6809,Snake,3055,l,0,,
6810,Sonic,3056,w,2,,
6811,Jigglypuff,3056,l,0,,
6812,Palutena,3057,w,1,,
6813,Kirby,3057,l,0,,
6814,Bowser Jr,3058,w,1,,
6815,Falco,3058,l,0,,
6816,Simon Belmont,3059,l,0,,
6817,Wario,3059,w,1,,
6818,Toon Link,3060,w,2,,
6819,Samus,3060,l,0,,
6820,Lucina,3061,w,3,,
6821,Meta Knight,3061,l,0,,
6822,Lucario,3062,w,3,,
6823,Lucas,3062,l,0,,
6824,Mewtwo,3063,w,2,,
6825,Corrin,3063,l,0,,
6826,Diddy Kong,3064,l,0,,
6827,DK,3064,w,3,,
6828,Luigi,3065,w,1,,
6829,Incineroar,3065,l,0,,
6830,Dr Mario,3066,w,3,,
6831,Little Mac,3066,l,0,,
6832,Pac-Man,3067,l,0,,
6833,Shulk,3067,w,3,,
6834,Roy,3068,l,0,,
6835,Inkling,3068,w,1,,
6836,Pikachu,3069,w,2,,
6837,Captain Falcon,3069,l,0,,
6838,Young Link,3070,l,0,,
6839,Bowser,3070,w,2,,
6840,Fox,3071,w,1,,
6841,Pokemon Trainer,3071,l,0,,
6842,Ice Climbers,3072,l,0,,
6843,ROB,3072,w,3,,
6844,Wolf,3073,l,-4,,
6845,Palutena,3073,w,4,,
6846,Robin,3074,w,2,,
6847,Wii Fit Trainer,3074,l,0,,
6848,Richter Belmont,3075,l,0,,
6849,Sonic,3075,w,2,,
6850,Samus,3075,l,0,,
6851,Luigi,3076,w,1,,
6852,Isabelle,3076,l,0,,
6853,Dark Samus,3077,l,0,,
6854,Dark Pit,3077,w,1,,
6855,Pokemon Trainer,3078,l,0,,
6856,Incineroar,3078,l,0,,
6857,King K Rool,3078,w,2,,
6858,Mr Game & Watch,3078,w,2,,
6859,Pit,3079,l,0,,
6860,Zelda,3079,w,2,,
6861,Lucina,3080,w,1,,
6862,Lucario,3080,l,0,,
6863,Ridley,3080,l,0,,
6864,Villager,3081,l,0,,
6865,King Dedede,3081,w,2,,
6866,Peach,3082,w,3,,
6867,Pichu,3082,l,0,,
6868,Greninja,3083,l,0,,
6869,Ness,3083,w,3,,
6870,Chrom,3084,l,1,,
6871,Young Link,3084,l,-2,,
6872,Mega Man,3084,l,0,,
6873,Captain Falcon,3084,w,1,,
6874,Ike,3085,w,2,,
6875,Mario,3085,l,0,,
6876,Shulk,3086,l,-1,,Y
6877,Captain Falcon,3086,w,1,,
6878,Robin,3087,l,0,,Y
6879,Fox,3087,w,1,,
6880,Dark Pit,3088,w,2,,Y
6881,Zelda,3088,l,0,,
6882,Dr Mario,3089,l,0,,Y
6883,Inkling,3089,w,1,,
6884,Kirby,3090,l,0,,Y
6885,Palutena,3090,w,0,,
6886,Yoshi,3091,w,3,,Y
6887,Mewtwo,3091,l,0,,
6888,Pikachu,3092,l,0,,Y
6889,Ike,3092,l,0,,
6890,King K Rool,3092,w,1,,
6891,Mr Game & Watch,3092,w,1,,
6892,Ness,3093,w,1,1,
6893,Pikachu,3093,l,0,1,
6894,Ness,3094,w,1,1,
6895,Bowser,3094,l,0,2,
6896,Ness,3095,w,1,1,
6897,Ike,3095,l,0,3,
6898,Ness,3096,l,0,1,
6899,King Dedede,3096,w,1,4,
6900,Wario,3097,l,0,1,
6901,ROB,3097,w,1,1,Y
6902,ROB,3098,w,1,1,Y
6903,Sonic,3098,l,0,2,
6904,ROB,3099,w,1,1,Y
6905,Toon Link,3099,l,0,3,
6906,ROB,3100,w,1,1,Y
6907,Link,3100,l,0,4,
6908,DK,3101,l,0,1,
6909,Luigi,3101,w,1,1,
6910,Luigi,3102,l,0,1,
6911,Cloud,3102,w,1,2,Y
6912,Cloud,3103,w,1,2,Y
6913,Lucina,3103,l,0,3,
6914,Cloud,3104,l,0,2,Y
6915,Ganondorf,3104,w,1,4,
